resource_id,domain,topic,subtopic,level,title,channel,url,duration_minutes,language,quality_score,status
yt_dsa_001,Data Structures & Algorithms,Algorithmic Foundations,Time & Space Complexity,Beginner,Placeholder: Algorithmic Foundations - Time & Space Complexity (Beginner),Placify Curated Track,https://www.youtube.com/results?search_query=Algorithmic+Foundations+Time+&+Space+Complexity+tutorial+beginner,30,English,75.0,pending_collection
yt_dsa_002,Data Structures & Algorithms,Algorithmic Foundations,Time & Space Complexity,Intermediate,Placeholder: Algorithmic Foundations - Time & Space Complexity (Intermediate),Placify Curated Track,https://www.youtube.com/results?search_query=Algorithmic+Foundations+Time+&+Space+Complexity+tutorial+intermediate,30,English,75.0,pending_collection
yt_dsa_003,Data Structures & Algorithms,Algorithmic Foundations,Time & Space Complexity,Advanced,Placeholder: Algorithmic Foundations - Time & Space Complexity (Advanced),Placify Curated Track,https://www.youtube.com/results?search_query=Algorithmic+Foundations+Time+&+Space+Complexity+tutorial+advanced,30,English,75.0,pending_collection
yt_dsa_004,Data Structures & Algorithms,Algorithmic Foundations,Arrays & String Manipulation,Beginner,Placeholder: Algorithmic Foundations - Arrays & String Manipulation (Beginner),Placify Curated Track,https://www.youtube.com/results?search_query=Algorithmic+Foundations+Arrays+&+String+Manipulation+tutorial+beginner,30,English,75.0,pending_collection
yt_dsa_005,Data Structures & Algorithms,Algorithmic Foundations,Arrays & String Manipulation,Intermediate,Placeholder: Algorithmic Foundations - Arrays & String Manipulation (Intermediate),Placify Curated Track,https://www.youtube.com/results?search_query=Algorithmic+Foundations+Arrays+&+String+Manipulation+tutorial+intermediate,30,English,75.0,pending_collection
yt_dsa_006,Data Structures & Algorithms,Algorithmic Foundations,Arrays & String Manipulation,Advanced,Placeholder: Algorithmic Foundations - Arrays & String Manipulation (Advanced),Placify Curated Track,https://www.youtube.com/results?search_query=Algorithmic+Foundations+Arrays+&+String+Manipulation+tutorial+advanced,30,English,75.0,pending_collection
yt_dsa_007,Data Structures & Algorithms,Algorithmic Foundations,Recursion & Backtracking,Beginner,Placeholder: Algorithmic Foundations - Recursion & Backtracking (Beginner),Placify Curated Track,https://www.youtube.com/results?search_query=Algorithmic+Foundations+Recursion+&+Backtracking+tutorial+beginner,30,English,75.0,pending_collection
yt_dsa_008,Data Structures & Algorithms,Algorithmic Foundations,Recursion & Backtracking,Intermediate,Placeholder: Algorithmic Foundations - Recursion & Backtracking (Intermediate),Placify Curated Track,https://www.youtube.com/results?search_query=Algorithmic+Foundations+Recursion+&+Backtracking+tutorial+intermediate,30,English,75.0,pending_collection
yt_dsa_009,Data Structures & Algorithms,Algorithmic Foundations,Recursion & Backtracking,Advanced,Placeholder: Algorithmic Foundations - Recursion & Backtracking (Advanced),Placify Curated Track,https://www.youtube.com/results?search_query=Algorithmic+Foundations+Recursion+&+Backtracking+tutorial+advanced,30,English,75.0,pending_collection
yt_dsa_010,Data Structures & Algorithms,Core Linear Data Structures,Linked Lists (Singly & Doubly),Beginner,Placeholder: Core Linear Data Structures - Linked Lists (Singly & Doubly) (Beginner),Placify Curated Track,https://www.youtube.com/results?search_query=Core+Linear+Data+Structures+Linked+Lists+(Singly+&+Doubly)+tutorial+beginner,30,English,75.0,pending_collection
yt_dsa_011,Data Structures & Algorithms,Core Linear Data Structures,Linked Lists (Singly & Doubly),Intermediate,Placeholder: Core Linear Data Structures - Linked Lists (Singly & Doubly) (Intermediate),Placify Curated Track,https://www.youtube.com/results?search_query=Core+Linear+Data+Structures+Linked+Lists+(Singly+&+Doubly)+tutorial+intermediate,30,English,75.0,pending_collection
yt_dsa_012,Data Structures & Algorithms,Core Linear Data Structures,Linked Lists (Singly & Doubly),Advanced,Placeholder: Core Linear Data Structures - Linked Lists (Singly & Doubly) (Advanced),Placify Curated Track,https://www.youtube.com/results?search_query=Core+Linear+Data+Structures+Linked+Lists+(Singly+&+Doubly)+tutorial+advanced,30,English,75.0,pending_collection
yt_dsa_013,Data Structures & Algorithms,Core Linear Data Structures,Stacks & Queues,Beginner,Placeholder: Core Linear Data Structures - Stacks & Queues (Beginner),Placify Curated Track,https://www.youtube.com/results?search_query=Core+Linear+Data+Structures+Stacks+&+Queues+tutorial+beginner,30,English,75.0,pending_collection
yt_dsa_014,Data Structures & Algorithms,Core Linear Data Structures,Stacks & Queues,Intermediate,Placeholder: Core Linear Data Structures - Stacks & Queues (Intermediate),Placify Curated Track,https://www.youtube.com/results?search_query=Core+Linear+Data+Structures+Stacks+&+Queues+tutorial+intermediate,30,English,75.0,pending_collection
yt_dsa_015,Data Structures & Algorithms,Core Linear Data Structures,Stacks & Queues,Advanced,Placeholder: Core Linear Data Structures - Stacks & Queues (Advanced),Placify Curated Track,https://www.youtube.com/results?search_query=Core+Linear+Data+Structures+Stacks+&+Queues+tutorial+advanced,30,English,75.0,pending_collection
yt_dsa_016,Data Structures & Algorithms,Core Linear Data Structures,Hash Tables & Collision Resolution,Beginner,Placeholder: Core Linear Data Structures - Hash Tables & Collision Resolution (Beginner),Placify Curated Track,https://www.youtube.com/results?search_query=Core+Linear+Data+Structures+Hash+Tables+&+Collision+Resolution+tutorial+beginner,30,English,75.0,pending_collection
yt_dsa_017,Data Structures & Algorithms,Core Linear Data Structures,Hash Tables & Collision Resolution,Intermediate,Placeholder: Core Linear Data Structures - Hash Tables & Collision Resolution (Intermediate),Placify Curated Track,https://www.youtube.com/results?search_query=Core+Linear+Data+Structures+Hash+Tables+&+Collision+Resolution+tutorial+intermediate,30,English,75.0,pending_collection
yt_dsa_018,Data Structures & Algorithms,Core Linear Data Structures,Hash Tables & Collision Resolution,Advanced,Placeholder: Core Linear Data Structures - Hash Tables & Collision Resolution (Advanced),Placify Curated Track,https://www.youtube.com/results?search_query=Core+Linear+Data+Structures+Hash+Tables+&+Collision+Resolution+tutorial+advanced,30,English,75.0,pending_collection
yt_dsa_019,Data Structures & Algorithms,Hierarchical Structures & Trees,Binary Trees & Traversals,Beginner,Placeholder: Hierarchical Structures & Trees - Binary Trees & Traversals (Beginner),Placify Curated Track,https://www.youtube.com/results?search_query=Hierarchical+Structures+&+Trees+Binary+Trees+&+Traversals+tutorial+beginner,30,English,75.0,pending_collection
yt_dsa_020,Data Structures & Algorithms,Hierarchical Structures & Trees,Binary Trees & Traversals,Intermediate,Placeholder: Hierarchical Structures & Trees - Binary Trees & Traversals (Intermediate),Placify Curated Track,https://www.youtube.com/results?search_query=Hierarchical+Structures+&+Trees+Binary+Trees+&+Traversals+tutorial+intermediate,30,English,75.0,pending_collection
yt_dsa_021,Data Structures & Algorithms,Hierarchical Structures & Trees,Binary Trees & Traversals,Advanced,Placeholder: Hierarchical Structures & Trees - Binary Trees & Traversals (Advanced),Placify Curated Track,https://www.youtube.com/results?search_query=Hierarchical+Structures+&+Trees+Binary+Trees+&+Traversals+tutorial+advanced,30,English,75.0,pending_collection
yt_dsa_022,Data Structures & Algorithms,Hierarchical Structures & Trees,Binary Search Trees (BST),Beginner,Placeholder: Hierarchical Structures & Trees - Binary Search Trees (BST) (Beginner),Placify Curated Track,https://www.youtube.com/results?search_query=Hierarchical+Structures+&+Trees+Binary+Search+Trees+(BST)+tutorial+beginner,30,English,75.0,pending_collection
yt_dsa_023,Data Structures & Algorithms,Hierarchical Structures & Trees,Binary Search Trees (BST),Intermediate,Placeholder: Hierarchical Structures & Trees - Binary Search Trees (BST) (Intermediate),Placify Curated Track,https://www.youtube.com/results?search_query=Hierarchical+Structures+&+Trees+Binary+Search+Trees+(BST)+tutorial+intermediate,30,English,75.0,pending_collection
yt_dsa_024,Data Structures & Algorithms,Hierarchical Structures & Trees,Binary Search Trees (BST),Advanced,Placeholder: Hierarchical Structures & Trees - Binary Search Trees (BST) (Advanced),Placify Curated Track,https://www.youtube.com/results?search_query=Hierarchical+Structures+&+Trees+Binary+Search+Trees+(BST)+tutorial+advanced,30,English,75.0,pending_collection
yt_dsa_025,Data Structures & Algorithms,Hierarchical Structures & Trees,Heaps & Priority Queues,Beginner,Placeholder: Hierarchical Structures & Trees - Heaps & Priority Queues (Beginner),Placify Curated Track,https://www.youtube.com/results?search_query=Hierarchical+Structures+&+Trees+Heaps+&+Priority+Queues+tutorial+beginner,30,English,75.0,pending_collection
yt_dsa_026,Data Structures & Algorithms,Hierarchical Structures & Trees,Heaps & Priority Queues,Intermediate,Placeholder: Hierarchical Structures & Trees - Heaps & Priority Queues (Intermediate),Placify Curated Track,https://www.youtube.com/results?search_query=Hierarchical+Structures+&+Trees+Heaps+&+Priority+Queues+tutorial+intermediate,30,English,75.0,pending_collection
yt_dsa_027,Data Structures & Algorithms,Hierarchical Structures & Trees,Heaps & Priority Queues,Advanced,Placeholder: Hierarchical Structures & Trees - Heaps & Priority Queues (Advanced),Placify Curated Track,https://www.youtube.com/results?search_query=Hierarchical+Structures+&+Trees+Heaps+&+Priority+Queues+tutorial+advanced,30,English,75.0,pending_collection
yt_dsa_028,Data Structures & Algorithms,Advanced Algorithms & Graphs,Graph Traversals (BFS & DFS),Beginner,Placeholder: Advanced Algorithms & Graphs - Graph Traversals (BFS & DFS) (Beginner),Placify Curated Track,https://www.youtube.com/results?search_query=Advanced+Algorithms+&+Graphs+Graph+Traversals+(BFS+&+DFS)+tutorial+beginner,30,English,75.0,pending_collection
yt_dsa_029,Data Structures & Algorithms,Advanced Algorithms & Graphs,Graph Traversals (BFS & DFS),Intermediate,Placeholder: Advanced Algorithms & Graphs - Graph Traversals (BFS & DFS) (Intermediate),Placify Curated Track,https://www.youtube.com/results?search_query=Advanced+Algorithms+&+Graphs+Graph+Traversals+(BFS+&+DFS)+tutorial+intermediate,30,English,75.0,pending_collection
yt_dsa_030,Data Structures & Algorithms,Advanced Algorithms & Graphs,Graph Traversals (BFS & DFS),Advanced,Placeholder: Advanced Algorithms & Graphs - Graph Traversals (BFS & DFS) (Advanced),Placify Curated Track,https://www.youtube.com/results?search_query=Advanced+Algorithms+&+Graphs+Graph+Traversals+(BFS+&+DFS)+tutorial+advanced,30,English,75.0,pending_collection
yt_dsa_031,Data Structures & Algorithms,Advanced Algorithms & Graphs,Shortest Path Algorithms,Beginner,Placeholder: Advanced Algorithms & Graphs - Shortest Path Algorithms (Beginner),Placify Curated Track,https://www.youtube.com/results?search_query=Advanced+Algorithms+&+Graphs+Shortest+Path+Algorithms+tutorial+beginner,30,English,75.0,pending_collection
yt_dsa_032,Data Structures & Algorithms,Advanced Algorithms & Graphs,Shortest Path Algorithms,Intermediate,Placeholder: Advanced Algorithms & Graphs - Shortest Path Algorithms (Intermediate),Placify Curated Track,https://www.youtube.com/results?search_query=Advanced+Algorithms+&+Graphs+Shortest+Path+Algorithms+tutorial+intermediate,30,English,75.0,pending_collection
yt_dsa_033,Data Structures & Algorithms,Advanced Algorithms & Graphs,Shortest Path Algorithms,Advanced,Placeholder: Advanced Algorithms & Graphs - Shortest Path Algorithms (Advanced),Placify Curated Track,https://www.youtube.com/results?search_query=Advanced+Algorithms+&+Graphs+Shortest+Path+Algorithms+tutorial+advanced,30,English,75.0,pending_collection
yt_dsa_034,Data Structures & Algorithms,Advanced Algorithms & Graphs,Disjoint Set Union (DSU),Beginner,Placeholder: Advanced Algorithms & Graphs - Disjoint Set Union (DSU) (Beginner),Placify Curated Track,https://www.youtube.com/results?search_query=Advanced+Algorithms+&+Graphs+Disjoint+Set+Union+(DSU)+tutorial+beginner,30,English,75.0,pending_collection
yt_dsa_035,Data Structures & Algorithms,Advanced Algorithms & Graphs,Disjoint Set Union (DSU),Intermediate,Placeholder: Advanced Algorithms & Graphs - Disjoint Set Union (DSU) (Intermediate),Placify Curated Track,https://www.youtube.com/results?search_query=Advanced+Algorithms+&+Graphs+Disjoint+Set+Union+(DSU)+tutorial+intermediate,30,English,75.0,pending_collection
yt_dsa_036,Data Structures & Algorithms,Advanced Algorithms & Graphs,Disjoint Set Union (DSU),Advanced,Placeholder: Advanced Algorithms & Graphs - Disjoint Set Union (DSU) (Advanced),Placify Curated Track,https://www.youtube.com/results?search_query=Advanced+Algorithms+&+Graphs+Disjoint+Set+Union+(DSU)+tutorial+advanced,30,English,75.0,pending_collection
yt_dsa_037,Data Structures & Algorithms,Advanced Algorithms & Graphs,Dynamic Programming (1D & 2D),Beginner,Placeholder: Advanced Algorithms & Graphs - Dynamic Programming (1D & 2D) (Beginner),Placify Curated Track,https://www.youtube.com/results?search_query=Advanced+Algorithms+&+Graphs+Dynamic+Programming+(1D+&+2D)+tutorial+beginner,30,English,75.0,pending_collection
yt_dsa_038,Data Structures & Algorithms,Advanced Algorithms & Graphs,Dynamic Programming (1D & 2D),Intermediate,Placeholder: Advanced Algorithms & Graphs - Dynamic Programming (1D & 2D) (Intermediate),Placify Curated Track,https://www.youtube.com/results?search_query=Advanced+Algorithms+&+Graphs+Dynamic+Programming+(1D+&+2D)+tutorial+intermediate,30,English,75.0,pending_collection
yt_dsa_039,Data Structures & Algorithms,Advanced Algorithms & Graphs,Dynamic Programming (1D & 2D),Advanced,Placeholder: Advanced Algorithms & Graphs - Dynamic Programming (1D & 2D) (Advanced),Placify Curated Track,https://www.youtube.com/results?search_query=Advanced+Algorithms+&+Graphs+Dynamic+Programming+(1D+&+2D)+tutorial+advanced,30,English,75.0,pending_collection
