resource_id,title,topic,old_subtopic,new_subtopic,added_tags
yt_html_001,HTML Full Course (in Hindi),HTML,Basics|Elements & Attributes|Text & Formatting|Links & Navigation|Images|Lists|Tables|Forms|Semantic HTML|Multimedia|HTML5|Accessibility,Basics|Elements & Attributes|Text & Formatting|Links & Navigation|Images|Lists|Tables|Forms|Semantic HTML|Multimedia|HTML5|Accessibility|Frontend Development,Frontend Development
yt_html_002,HTML Tutorial For Beginners In Hindi (With Notes) 🔥,HTML,Basics|Elements & Attributes|Text & Formatting|Links & Navigation|Images|Lists|Tables|Forms|Semantic HTML|HTML5,Basics|Elements & Attributes|Text & Formatting|Links & Navigation|Images|Lists|Tables|Forms|Semantic HTML|HTML5|Frontend Development,Frontend Development
yt_html_003,HTML CSS Tutorial for Beginners - Web Development Tutorials For Beginners,HTML,Basics|Elements & Attributes|Text & Formatting|Links & Navigation|Images|Lists|Forms,Basics|Elements & Attributes|Text & Formatting|Links & Navigation|Images|Lists|Forms|Frontend Development,Frontend Development
yt_html_005,HTML in 5 minutes,HTML,Basics,Basics|Frontend Development,Frontend Development
yt_html_008,HTML Tutorial for Beginners,HTML,Basics|Elements & Attributes|Text & Formatting,Basics|Elements & Attributes|Text & Formatting|Frontend Development,Frontend Development
yt_html_009,Learn HTML in 1 hour 🌎,HTML,Basics|Elements & Attributes|Text & Formatting|Links & Navigation|Images|Lists|Tables|Forms|Semantic HTML|HTML5,Basics|Elements & Attributes|Text & Formatting|Links & Navigation|Images|Lists|Tables|Forms|Semantic HTML|HTML5|Frontend Development,Frontend Development
yt_html_010,HTML Full Course 2026 | WEB DEVELOPMENT | #html,HTML,Basics|Elements & Attributes|Text & Formatting|Links & Navigation|Images|Lists|Tables|Forms|Semantic HTML|Multimedia|HTML5|Accessibility,Basics|Elements & Attributes|Text & Formatting|Links & Navigation|Images|Lists|Tables|Forms|Semantic HTML|Multimedia|HTML5|Accessibility|Frontend Development,Frontend Development
yt_html_013,HTML Tutorial For Beginners |HTML In 10 Minutes | HTML Basics For Beginners | Simplilearn,HTML,Basics|Elements & Attributes,Basics|Elements & Attributes|Frontend Development,Frontend Development
yt_html_015,HTML in 9 Minutes (in Hindi) 🌐,HTML,Basics|Elements & Attributes|Text & Formatting,Basics|Elements & Attributes|Text & Formatting|Frontend Development,Frontend Development
yt_html_016,HTML Complete Tutorial for Beginners in Hindi🔥Free Notes + Codes,HTML,Basics|Elements & Attributes|Text & Formatting|Links & Navigation|Images|Lists|Tables|Forms|Semantic HTML|HTML5,Basics|Elements & Attributes|Text & Formatting|Links & Navigation|Images|Lists|Tables|Forms|Semantic HTML|HTML5|Frontend Development,Frontend Development
yt_html_017,HTML Tutorial for Beginners | HTML Full Course in Hindi | How to create a Website using HTML and CSS,HTML,Basics|Elements & Attributes|Text & Formatting|Links & Navigation|Images|Lists|Tables|Forms|Semantic HTML|HTML5|Accessibility,Basics|Elements & Attributes|Text & Formatting|Links & Navigation|Images|Lists|Tables|Forms|Semantic HTML|HTML5|Accessibility|Frontend Development,Frontend Development
yt_html_019,Learn HTML – Full Tutorial for Beginners,HTML,Basics|Elements & Attributes|Text & Formatting|Links & Navigation|Images|Lists|Tables|Forms|Semantic HTML|HTML5|Accessibility,Basics|Elements & Attributes|Text & Formatting|Links & Navigation|Images|Lists|Tables|Forms|Semantic HTML|HTML5|Accessibility|Frontend Development,Frontend Development
yt_html_021,HTML Tutorial for Beginners - Crash Course,HTML,Basics|Elements & Attributes|Text & Formatting|Links & Navigation|Images|Lists|Tables|Forms|Semantic HTML|HTML5,Basics|Elements & Attributes|Text & Formatting|Links & Navigation|Images|Lists|Tables|Forms|Semantic HTML|HTML5|Frontend Development,Frontend Development
yt_html_022,HTML Tutorial For Beginners,HTML,Basics|Elements & Attributes|Text & Formatting|Links & Navigation|Images|Lists|Tables|Forms|Semantic HTML|HTML5,Basics|Elements & Attributes|Text & Formatting|Links & Navigation|Images|Lists|Tables|Forms|Semantic HTML|HTML5|Frontend Development,Frontend Development
yt_html_023,HTML Tutorial for Beginners: HTML Crash Course,HTML,Basics|Elements & Attributes|Text & Formatting|Links & Navigation|Images|Lists|Tables|Forms|Semantic HTML|HTML5,Basics|Elements & Attributes|Text & Formatting|Links & Navigation|Images|Lists|Tables|Forms|Semantic HTML|HTML5|Frontend Development,Frontend Development
yt_html_024,HTML Tutorial - Website Crash Course for Beginners,HTML,Basics|Elements & Attributes|Text & Formatting|Links & Navigation|Images|Lists|Tables|Forms|Semantic HTML|HTML5,Basics|Elements & Attributes|Text & Formatting|Links & Navigation|Images|Lists|Tables|Forms|Semantic HTML|HTML5|Frontend Development,Frontend Development
yt_html_026,HTML Tutorial for Beginners | Complete HTML with Notes & Code,HTML,Basics|Elements & Attributes|Text & Formatting|Links & Navigation|Images|Lists|Tables|Forms|Semantic HTML|HTML5|Accessibility,Basics|Elements & Attributes|Text & Formatting|Links & Navigation|Images|Lists|Tables|Forms|Semantic HTML|HTML5|Accessibility|Frontend Development,Frontend Development
yt_html_029,What is HTML? | HTML Course for beginners in [Hindi] | by Rahul Chaudhary,HTML,Basics,Basics|Frontend Development,Frontend Development
yt_html_030,Complete HTML Tutorial in 1 Video 2024,HTML,Basics|Elements & Attributes|Text & Formatting|Links & Navigation|Images|Lists|Tables|Forms|Semantic HTML|Multimedia|HTML5|Accessibility,Basics|Elements & Attributes|Text & Formatting|Links & Navigation|Images|Lists|Tables|Forms|Semantic HTML|Multimedia|HTML5|Accessibility|Frontend Development,Frontend Development
yt_html_032,Learn HTML for Beginners - W3Schools.com,HTML,Basics|Elements & Attributes|Text & Formatting|Links & Navigation|Images|Lists|Tables|Forms|Semantic HTML|HTML5,Basics|Elements & Attributes|Text & Formatting|Links & Navigation|Images|Lists|Tables|Forms|Semantic HTML|HTML5|Frontend Development,Frontend Development
yt_html_033,HTML Tutorial For Beginners 2026 | Learn HTML In 5 Hours | HTML Full Course | Simplilearn,HTML,Basics|Elements & Attributes|Text & Formatting|Links & Navigation|Images|Lists|Tables|Forms|Semantic HTML|Multimedia|HTML5|Accessibility,Basics|Elements & Attributes|Text & Formatting|Links & Navigation|Images|Lists|Tables|Forms|Semantic HTML|Multimedia|HTML5|Accessibility|Frontend Development,Frontend Development
yt_html_036,Learn HTML & CSS in 60 Minutes | Full Beginners Course Video With Practicals,HTML,Basics|Elements & Attributes|Text & Formatting|Links & Navigation|Images|Lists|Tables|Forms|Semantic HTML|HTML5,Basics|Elements & Attributes|Text & Formatting|Links & Navigation|Images|Lists|Tables|Forms|Semantic HTML|HTML5|Frontend Development,Frontend Development
yt_html_037,HTML & CSS Full Course for free 🌎,HTML,Basics|Elements & Attributes|Text & Formatting|Links & Navigation|Images|Lists|Tables|Forms|Semantic HTML|Multimedia|HTML5|Accessibility,Basics|Elements & Attributes|Text & Formatting|Links & Navigation|Images|Lists|Tables|Forms|Semantic HTML|Multimedia|HTML5|Accessibility|Frontend Development,Frontend Development
yt_html_038,HTML Full Course Tutorial for Beginners - Learn EVERYTHING You Need to Know in Detail 🔍,HTML,Basics|Elements & Attributes|Text & Formatting|Links & Navigation|Images|Lists|Tables|Forms|Semantic HTML|Multimedia|HTML5|Accessibility,Basics|Elements & Attributes|Text & Formatting|Links & Navigation|Images|Lists|Tables|Forms|Semantic HTML|Multimedia|HTML5|Accessibility|Frontend Development,Frontend Development
yt_html_039,HTML/CSS For Beginners,HTML,Basics|Elements & Attributes|Text & Formatting|Links & Navigation|Images|Lists,Basics|Elements & Attributes|Text & Formatting|Links & Navigation|Images|Lists|Frontend Development,Frontend Development
yt_html_040,HTML Tutorial For Beginners In Hindi | HTML In One Shot By Hitesh Sir,HTML,Basics|Elements & Attributes|Text & Formatting|Links & Navigation|Images|Lists|Tables|Forms|Semantic HTML|HTML5,Basics|Elements & Attributes|Text & Formatting|Links & Navigation|Images|Lists|Tables|Forms|Semantic HTML|HTML5|Frontend Development,Frontend Development
yt_html_041,Learn HTML in 4 Hours 🔥 Full Tutorial with Real-Time Implementation (2025),HTML,Basics|Elements & Attributes|Text & Formatting|Links & Navigation|Images|Lists|Tables|Forms|Semantic HTML|Multimedia|HTML5|Accessibility,Basics|Elements & Attributes|Text & Formatting|Links & Navigation|Images|Lists|Tables|Forms|Semantic HTML|Multimedia|HTML5|Accessibility|Frontend Development,Frontend Development
yt_html_043,HTML & CSS for Absolute Beginners: What is HTML?,HTML,Basics,Basics|Frontend Development,Frontend Development
yt_html_045,HTML Tutorial For Beginners (With Notes) 🔥,HTML,Basics|Elements & Attributes|Text & Formatting|Links & Navigation|Images|Lists|Tables|Forms|Semantic HTML|HTML5,Basics|Elements & Attributes|Text & Formatting|Links & Navigation|Images|Lists|Tables|Forms|Semantic HTML|HTML5|Frontend Development,Frontend Development
yt_html_046,HTML tutorial for beginners 🌎,HTML,Basics|Elements & Attributes|Text & Formatting,Basics|Elements & Attributes|Text & Formatting|Frontend Development,Frontend Development
yt_html_047,HTML Tutorial for Beginners,HTML,Basics|Elements & Attributes|Text & Formatting|Links & Navigation|Images|Lists|Tables|Forms|Semantic HTML|HTML5,Basics|Elements & Attributes|Text & Formatting|Links & Navigation|Images|Lists|Tables|Forms|Semantic HTML|HTML5|Frontend Development,Frontend Development
yt_html_048,HTML tutorial for beginners 🌎,HTML,Basics|Elements & Attributes|Text & Formatting|Links & Navigation|Images|Lists|HTML5,Basics|Elements & Attributes|Text & Formatting|Links & Navigation|Images|Lists|HTML5|Frontend Development,Frontend Development
yt_html_049,HTML & CSS Full Course - Beginner to Pro,HTML,Basics|Elements & Attributes|Text & Formatting|Links & Navigation|Images|Lists|Tables|Forms|Semantic HTML|HTML5|Accessibility,Basics|Elements & Attributes|Text & Formatting|Links & Navigation|Images|Lists|Tables|Forms|Semantic HTML|HTML5|Accessibility|Frontend Development,Frontend Development
yt_html_052,Learn HTML in 12 Minutes,HTML,Basics|Elements & Attributes|Text & Formatting,Basics|Elements & Attributes|Text & Formatting|Frontend Development,Frontend Development
yt_html_059,The HTML Tags They NEVER Taught You,HTML,Elements & Attributes|Semantic HTML|HTML5,Elements & Attributes|Semantic HTML|HTML5|Frontend Development,Frontend Development
yt_html_060,Html tutorial for beginners | Introduction | HTML | Lec-01 | Bhanu Priya,HTML,Basics,Basics|Frontend Development,Frontend Development
yt_html_061,Advanced HTML/CSS Concepts Crash Course,HTML,HTML5|Semantic HTML|Accessibility,HTML5|Semantic HTML|Accessibility|Frontend Development,Frontend Development
yt_html_062,Introduction to HTML | An HTML5 Tutorial for Beginners,HTML,Basics|HTML5,Basics|HTML5|Frontend Development,Frontend Development
yt_html_070,HTML Full Course | Learn HTML in 5 Hours | Sagar Chouksey,HTML,Basics|Elements & Attributes|Text & Formatting|Links & Navigation|Images|Lists|Tables|Forms|Semantic HTML|Multimedia|HTML5|Accessibility,Basics|Elements & Attributes|Text & Formatting|Links & Navigation|Images|Lists|Tables|Forms|Semantic HTML|Multimedia|HTML5|Accessibility|Frontend Development,Frontend Development
yt_html_074,HTML Tutorial For Beginners | Learn HTML In 30 Minutes | Designing A Web Page Using HTML | Edureka,HTML,Basics|Elements & Attributes|Text & Formatting|Links & Navigation|Images|Lists|Tables|Forms,Basics|Elements & Attributes|Text & Formatting|Links & Navigation|Images|Lists|Tables|Forms|Frontend Development,Frontend Development
yt_html_075,HTML full Course in One Shot | Complete HTML Tutorial for Beginners in Hindi | Computer Tech Academy,HTML,Basics|Elements & Attributes|Text & Formatting|Links & Navigation|Images|Lists|Tables|Forms|Semantic HTML|Multimedia|HTML5|Accessibility,Basics|Elements & Attributes|Text & Formatting|Links & Navigation|Images|Lists|Tables|Forms|Semantic HTML|Multimedia|HTML5|Accessibility|Frontend Development,Frontend Development
yt_html_080,HTML Full Course - Build a Website Tutorial,HTML,Basics|Elements & Attributes|Text & Formatting|Links & Navigation|Images|Lists|Tables|Forms|Semantic HTML|Multimedia|HTML5|Accessibility|Projects,Basics|Elements & Attributes|Text & Formatting|Links & Navigation|Images|Lists|Tables|Forms|Semantic HTML|Multimedia|HTML5|Accessibility|Projects|Frontend Development,Frontend Development
yt_html_081,Top 6 HTML Features You’re Not Using (But Should Be),HTML,Elements & Attributes|HTML5,Elements & Attributes|HTML5|Frontend Development,Frontend Development
yt_html_082,HTML Complete Guide: Beginner to Advanced | Learn HTML for Web Development,HTML,Basics|Elements & Attributes|Text & Formatting|Links & Navigation|Images|Lists|Tables|Forms|Semantic HTML|Multimedia|HTML5|Accessibility,Basics|Elements & Attributes|Text & Formatting|Links & Navigation|Images|Lists|Tables|Forms|Semantic HTML|Multimedia|HTML5|Accessibility|Frontend Development,Frontend Development
yt_html_085,HTML One Shot 🔥 Real Website Banana Seekho | Beginners to Advanced,HTML,Basics|Elements & Attributes|Text & Formatting|Links & Navigation|Images|Lists|Tables|Forms|Semantic HTML|Multimedia|HTML5|Accessibility,Basics|Elements & Attributes|Text & Formatting|Links & Navigation|Images|Lists|Tables|Forms|Semantic HTML|Multimedia|HTML5|Accessibility|Frontend Development,Frontend Development
yt_html_094,CSS Tutorial for Beginners - 01 - Introduction to CSS,CSS,Basics,Basics|Frontend Development,Frontend Development
yt_html_095,Complete CSS Tutorial for Beginners in Hindi 🎓 Free Notes & Codes | Part 1,CSS,Basics|Selectors|Box Model|Colors & Backgrounds|Typography|Positioning|Flexbox|CSS Grid|Responsive Design|Animations & Transitions|Animations,Basics|Selectors|Box Model|Colors & Backgrounds|Typography|Positioning|Flexbox|CSS Grid|Responsive Design|Animations & Transitions|Animations|Frontend Development,Frontend Development
yt_html_096,The 6 most important CSS concepts for beginners,CSS,Basics|Selectors|Box Model|Colors & Backgrounds|Typography|Positioning,Basics|Selectors|Box Model|Colors & Backgrounds|Typography|Positioning|Frontend Development,Frontend Development
yt_html_098,CSS Tutorial for Beginners 2025,CSS,Basics|Selectors|Box Model|Colors & Backgrounds|Typography|Positioning|Flexbox|Responsive Design,Basics|Selectors|Box Model|Colors & Backgrounds|Typography|Positioning|Flexbox|Responsive Design|Frontend Development,Frontend Development
yt_html_099,Learn CSS in 5 Minutes (Seriously),CSS,Basics,Basics|Frontend Development,Frontend Development
yt_html_101,CSS Introduction and Tutorial for Beginners,CSS,Basics,Basics|Frontend Development,Frontend Development
yt_html_102,CSS Tutorial for Beginners in [Hindi] | HTML & CSS | by Rahul Chaudhary,CSS,Basics,Basics|Frontend Development,Frontend Development
yt_html_103,The Only CSS Layout Guide You'll Ever Need,CSS,Flexbox|CSS Grid|Box Model|Positioning,Flexbox|CSS Grid|Box Model|Positioning|Frontend Development,Frontend Development
yt_html_105,Learn CSS in 20 Minutes,CSS,Basics|Selectors|Box Model|Colors & Backgrounds|Typography|Positioning|Flexbox,Basics|Selectors|Box Model|Colors & Backgrounds|Typography|Positioning|Flexbox|Frontend Development,Frontend Development
yt_html_107,CSS Full Course Tutorial for Beginners - Learn EVERYTHING You Need to Know in Detail 🔍,CSS,Basics|Selectors|Box Model|Colors & Backgrounds|Typography|Positioning|Flexbox|CSS Grid|Responsive Design|Animations & Transitions|Advanced CSS|Projects|Animations,Basics|Selectors|Box Model|Colors & Backgrounds|Typography|Positioning|Flexbox|CSS Grid|Responsive Design|Animations & Transitions|Advanced CSS|Projects|Animations|Frontend Development,Frontend Development
yt_html_108,CSS Tutorial for Beginners,CSS,Basics|Selectors,Basics|Selectors|Frontend Development,Frontend Development
yt_html_109,CSS Full COURSE for Beginners in 4 HOURS | Learn CSS in 2026 with Practical🔥,CSS,Basics|Selectors|Box Model|Colors & Backgrounds|Typography|Positioning|Flexbox|CSS Grid|Responsive Design|Animations & Transitions|Projects|Animations,Basics|Selectors|Box Model|Colors & Backgrounds|Typography|Positioning|Flexbox|CSS Grid|Responsive Design|Animations & Transitions|Projects|Animations|Frontend Development,Frontend Development
yt_html_110,Learn HTML & CSS FAST | Step-by-Step Full Course for Beginners,CSS,Basics,Basics|Frontend Development,Frontend Development
yt_html_112,CSS Tutorial - Zero to Hero (Complete Course),CSS,Basics|Selectors|Box Model|Colors & Backgrounds|Typography|Positioning|Flexbox|CSS Grid|Responsive Design|Animations & Transitions|Advanced CSS|Projects|Animations,Basics|Selectors|Box Model|Colors & Backgrounds|Typography|Positioning|Flexbox|CSS Grid|Responsive Design|Animations & Transitions|Advanced CSS|Projects|Animations|Frontend Development,Frontend Development
yt_html_113,The Only CSS Course You Need to Master CSS | Learn By Building Apps,CSS,Basics|Selectors|Box Model|Colors & Backgrounds|Typography|Positioning|Flexbox|CSS Grid|Responsive Design|Animations & Transitions|Advanced CSS|Projects|Animations,Basics|Selectors|Box Model|Colors & Backgrounds|Typography|Positioning|Flexbox|CSS Grid|Responsive Design|Animations & Transitions|Advanced CSS|Projects|Animations|Frontend Development,Frontend Development
yt_html_114,CSS Crash Course For Absolute Beginners,CSS,Basics|Selectors|Box Model|Colors & Backgrounds|Typography|Positioning|Flexbox|Responsive Design,Basics|Selectors|Box Model|Colors & Backgrounds|Typography|Positioning|Flexbox|Responsive Design|Frontend Development,Frontend Development
yt_html_116,Tailwind CSS v4 for Beginners | Full Course 2026,CSS,Basics|Box Model|Colors & Backgrounds|Typography|Positioning|Flexbox|CSS Grid|Responsive Design|Animations & Transitions|Projects|Animations,Basics|Box Model|Colors & Backgrounds|Typography|Positioning|Flexbox|CSS Grid|Responsive Design|Animations & Transitions|Projects|Animations|Frontend Development,Frontend Development
yt_html_117,Learn CSS Flexbox in 20 Minutes (Course),CSS,Flexbox,Flexbox|Frontend Development,Frontend Development
yt_html_118,CSS Tutorial – Full Course for Beginners,CSS,Basics|Selectors|Box Model|Colors & Backgrounds|Typography|Positioning|Flexbox|CSS Grid|Responsive Design|Animations & Transitions|Advanced CSS|Animations,Basics|Selectors|Box Model|Colors & Backgrounds|Typography|Positioning|Flexbox|CSS Grid|Responsive Design|Animations & Transitions|Advanced CSS|Animations|Frontend Development,Frontend Development
yt_html_119,A CSS learning guide for beginners,CSS,Basics,Basics|Frontend Development,Frontend Development
yt_html_120,CSS in 7 Minutes 🔥,CSS,Basics,Basics|Frontend Development,Frontend Development
yt_html_122,CSS Tutorial In Hindi (With Notes) 🔥,CSS,Basics|Selectors|Box Model|Colors & Backgrounds|Typography|Positioning|Flexbox|CSS Grid|Responsive Design|Animations & Transitions|Advanced CSS|Projects|Animations,Basics|Selectors|Box Model|Colors & Backgrounds|Typography|Positioning|Flexbox|CSS Grid|Responsive Design|Animations & Transitions|Advanced CSS|Projects|Animations|Frontend Development,Frontend Development
yt_html_123,Learn CSS in 1 hour 🎨,CSS,Basics|Selectors|Box Model|Colors & Backgrounds|Typography|Positioning|Flexbox,Basics|Selectors|Box Model|Colors & Backgrounds|Typography|Positioning|Flexbox|Frontend Development,Frontend Development
yt_html_124,"CSS Tutorial for Beginners | Complete CSS with Project, Notes & Code",CSS,Basics|Selectors|Box Model|Colors & Backgrounds|Typography|Positioning|Flexbox|CSS Grid|Responsive Design|Animations & Transitions|Projects|Animations,Basics|Selectors|Box Model|Colors & Backgrounds|Typography|Positioning|Flexbox|CSS Grid|Responsive Design|Animations & Transitions|Projects|Animations|Frontend Development,Frontend Development
yt_html_126,Learn CSS Positions in 4 minutes,CSS,Positioning,Positioning|Frontend Development,Frontend Development
yt_html_127,CSS tutorial for beginners 🎨,CSS,Basics,Basics|Frontend Development,Frontend Development
yt_html_128,CSS Full Course 2026 - Beginner to Pro | WEB DEVELOPMENT | #css,CSS,Basics|Selectors|Box Model|Colors & Backgrounds|Typography|Positioning|Flexbox|CSS Grid|Responsive Design|Animations & Transitions|Advanced CSS|Projects|Animations,Basics|Selectors|Box Model|Colors & Backgrounds|Typography|Positioning|Flexbox|CSS Grid|Responsive Design|Animations & Transitions|Advanced CSS|Projects|Animations|Frontend Development,Frontend Development
yt_html_129,CSS 3 Tutorial For Beginners: Learn CSS In One Video In Hindi,CSS,Basics|Selectors|Box Model|Colors & Backgrounds|Typography|Positioning|Flexbox|CSS Grid|Responsive Design|Animations & Transitions|Animations,Basics|Selectors|Box Model|Colors & Backgrounds|Typography|Positioning|Flexbox|CSS Grid|Responsive Design|Animations & Transitions|Animations|Frontend Development,Frontend Development
yt_html_134,CSS Flexbox vs Grid - Are you using them right?,CSS,Flexbox|CSS Grid,Flexbox|CSS Grid|Frontend Development,Frontend Development
yt_html_135,CSS Grid Course - The Only Grid Tutorial You'll Ever Need!,CSS,CSS Grid,CSS Grid|Frontend Development,Frontend Development
yt_html_136,CSS Tutorial For Beginners: CSS Crash Course (2026),CSS,Basics|Selectors|Box Model|Colors & Backgrounds|Typography|Positioning|Flexbox|CSS Grid|Responsive Design,Basics|Selectors|Box Model|Colors & Backgrounds|Typography|Positioning|Flexbox|CSS Grid|Responsive Design|Frontend Development,Frontend Development
yt_html_138,10 CSS PRO Tips and Tricks you NEED to know,CSS,Advanced CSS,Advanced CSS|Frontend Development,Frontend Development
yt_html_143,CSS Full Course | Learn CSS From Basic to Advanced | Sagar Chouksey,CSS,Basics|Selectors|Box Model|Colors & Backgrounds|Typography|Positioning|Flexbox|CSS Grid|Responsive Design|Animations & Transitions|Advanced CSS|Projects|Animations,Basics|Selectors|Box Model|Colors & Backgrounds|Typography|Positioning|Flexbox|CSS Grid|Responsive Design|Animations & Transitions|Advanced CSS|Projects|Animations|Frontend Development,Frontend Development
yt_html_145,CSS Full Course for Beginners to Advanced [4 Hours],CSS,Basics|Selectors|Box Model|Colors & Backgrounds|Typography|Positioning|Flexbox|CSS Grid|Responsive Design|Animations & Transitions|Advanced CSS|Projects|Animations,Basics|Selectors|Box Model|Colors & Backgrounds|Typography|Positioning|Flexbox|CSS Grid|Responsive Design|Animations & Transitions|Advanced CSS|Projects|Animations|Frontend Development,Frontend Development
yt_html_146,Learn Flexbox CSS in 8 minutes,CSS,Flexbox,Flexbox|Frontend Development,Frontend Development
yt_html_147,5 CSS Tips & Tricks for better Responsive Web Design,CSS,Responsive Design,Responsive Design|Frontend Development,Frontend Development
yt_html_150,These CSS PRO Tips & Tricks Will Blow Your Mind!,CSS,Advanced CSS,Advanced CSS|Frontend Development,Frontend Development
yt_html_151,Master CSS Animation Property in 11 Minutes [Full Tutorial] 🚀,CSS,Animations & Transitions|Animations,Animations & Transitions|Animations|Frontend Development,Frontend Development
yt_html_152,10 NEW CSS Features You Need To Know For 2026,CSS,Advanced CSS,Advanced CSS|Frontend Development,Frontend Development
yt_html_153,CSS Selectors MasterClass | Sigma Web Development Course - Tutorial #17,CSS,Selectors,Selectors|Frontend Development,Frontend Development
yt_html_154,CSS Glowing Button - How to Design Glowing Button with Hover Effects [Pure CSS],CSS,Selectors|Colors & Backgrounds|Animations & Transitions|Animations,Selectors|Colors & Backgrounds|Animations & Transitions|Animations|Frontend Development,Frontend Development
yt_html_155,Tailwind CSS v4 Full Course 2026 | Master Tailwind in One Hour,CSS,Basics|Box Model|Colors & Backgrounds|Typography|Positioning|Flexbox|CSS Grid|Responsive Design|Animations & Transitions|Projects|Animations,Basics|Box Model|Colors & Backgrounds|Typography|Positioning|Flexbox|CSS Grid|Responsive Design|Animations & Transitions|Projects|Animations|Frontend Development,Frontend Development
yt_html_157,CSS Advanced Tutorial | Advanced CSS Tutorial | Learn CSS Advanced 2026 | CSS Tutorial | Simplilearn,CSS,Advanced CSS,Advanced CSS|Frontend Development,Frontend Development
yt_html_159,Advanced CSS Tutorial — Level Up Your CSS Skills,CSS,Advanced CSS,Advanced CSS|Frontend Development,Frontend Development
yt_html_160,JavaScript Tutorial Full Course - Beginner to Pro,JavaScript,Basics|Variables & Data Types|Operators|Control Flow|Functions|Arrays|Objects|Strings & Numbers|DOM|Events|Error Handling|ES6+|Modules|Asynchronous JavaScript|Promises & Async/Await|Fetch API|Web APIs|Projects|Promises,Basics|Variables & Data Types|Operators|Control Flow|Functions|Arrays|Objects|Strings & Numbers|DOM|Events|Error Handling|ES6+|Modules|Asynchronous JavaScript|Promises & Async/Await|Fetch API|Web APIs|Projects|Promises|Frontend Development,Frontend Development
yt_html_161,JavaScript Tutorial Full Course - Beginner to Pro,JavaScript,Basics|Variables & Data Types|Operators|Control Flow|Functions|Arrays|Objects|Strings & Numbers|DOM|Events|Error Handling|ES6+|Modules|Asynchronous JavaScript|Promises & Async/Await|Fetch API|Web APIs|Projects|Promises,Basics|Variables & Data Types|Operators|Control Flow|Functions|Arrays|Objects|Strings & Numbers|DOM|Events|Error Handling|ES6+|Modules|Asynchronous JavaScript|Promises & Async/Await|Fetch API|Web APIs|Projects|Promises|Frontend Development,Frontend Development
yt_html_162,Learn All the JavaScript Basics in 20 Minutes,JavaScript,Basics,Basics|Frontend Development,Frontend Development
yt_html_164,Learn JAVASCRIPT in just 5 MINUTES (2020),JavaScript,Basics,Basics|Frontend Development,Frontend Development
yt_html_168,JavaScript explained in just 7 Minutes!,JavaScript,Basics,Basics|Frontend Development,Frontend Development
yt_html_170,JavaScript tutorial for beginners 🌐,JavaScript,Basics|Variables & Data Types|Operators|Control Flow|Functions,Basics|Variables & Data Types|Operators|Control Flow|Functions|Frontend Development,Frontend Development
yt_html_171,JavaScript Tutorial for Beginners – Build Your First App in 27 Minutes,JavaScript,Basics|Variables & Data Types|Functions|DOM|Events,Basics|Variables & Data Types|Functions|DOM|Events|Frontend Development,Frontend Development
yt_html_172,JavaScript Course for Beginners – Your First Step to Web Development,JavaScript,Basics|Variables & Data Types|Operators|Control Flow|Functions|Arrays|Objects|Strings & Numbers|DOM|Events|ES6+,Basics|Variables & Data Types|Operators|Control Flow|Functions|Arrays|Objects|Strings & Numbers|DOM|Events|ES6+|Frontend Development,Frontend Development
yt_html_174,JavaScript for Beginners - How I Wish I was Taught,JavaScript,Basics|Variables & Data Types|Operators|Control Flow|Functions,Basics|Variables & Data Types|Operators|Control Flow|Functions|Frontend Development,Frontend Development
yt_html_178,JavaScript Tutorial In Hindi,JavaScript,Basics|Variables & Data Types|Operators|Control Flow|Functions|Arrays|Objects|Strings & Numbers|DOM|Events|Error Handling|ES6+|Modules|Asynchronous JavaScript|Promises & Async/Await|Fetch API|Web APIs|Projects|Promises,Basics|Variables & Data Types|Operators|Control Flow|Functions|Arrays|Objects|Strings & Numbers|DOM|Events|Error Handling|ES6+|Modules|Asynchronous JavaScript|Promises & Async/Await|Fetch API|Web APIs|Projects|Promises|Frontend Development,Frontend Development
yt_html_181,Learn JavaScript - Full Course for Beginners,JavaScript,Basics|Variables & Data Types|Operators|Control Flow|Functions|Arrays|Objects|Strings & Numbers|DOM|Events|Error Handling|ES6+|Modules|Asynchronous JavaScript|Promises & Async/Await|Fetch API|Web APIs|Projects|Promises,Basics|Variables & Data Types|Operators|Control Flow|Functions|Arrays|Objects|Strings & Numbers|DOM|Events|Error Handling|ES6+|Modules|Asynchronous JavaScript|Promises & Async/Await|Fetch API|Web APIs|Projects|Promises|Frontend Development,Frontend Development
yt_html_183,Learn JavaScript in 60 Minutes: The Ultimate Beginner Course!,JavaScript,Basics|Variables & Data Types|Operators|Control Flow|Functions|Arrays|Objects|Strings & Numbers|DOM|Events,Basics|Variables & Data Types|Operators|Control Flow|Functions|Arrays|Objects|Strings & Numbers|DOM|Events|Frontend Development,Frontend Development
yt_html_186,JavaScript Full Course for Beginners | Complete All-in-One Tutorial | 8 Hours,JavaScript,Basics|Variables & Data Types|Operators|Control Flow|Functions|Arrays|Objects|Strings & Numbers|DOM|Events|Error Handling|ES6+|Modules|Asynchronous JavaScript|Promises & Async/Await|Fetch API|Web APIs|Projects|Promises,Basics|Variables & Data Types|Operators|Control Flow|Functions|Arrays|Objects|Strings & Numbers|DOM|Events|Error Handling|ES6+|Modules|Asynchronous JavaScript|Promises & Async/Await|Fetch API|Web APIs|Projects|Promises|Frontend Development,Frontend Development
yt_html_189,JavaScript Beginners Tutorial 1 | What is JavaScript ?,JavaScript,Basics,Basics|Frontend Development,Frontend Development
yt_html_190,Part 1- Introduction to JavaScript,JavaScript,Basics,Basics|Frontend Development,Frontend Development
yt_html_193,JavaScript Tutorial for Beginners | Full Course to Learn What is JavaScript in Hindi,JavaScript,Basics|Variables & Data Types|Operators|Control Flow|Functions|Arrays|Objects|Strings & Numbers|DOM|Events|Error Handling|ES6+,Basics|Variables & Data Types|Operators|Control Flow|Functions|Arrays|Objects|Strings & Numbers|DOM|Events|Error Handling|ES6+|Frontend Development,Frontend Development
yt_html_194,"JavaScript Tutorial (2024) for Beginners to Pro (with Notes, Projects & Practice Questions)",JavaScript,Basics|Variables & Data Types|Operators|Control Flow|Functions|Arrays|Objects|Strings & Numbers|DOM|Events|Error Handling|ES6+|Modules|Asynchronous JavaScript|Promises & Async/Await|Fetch API|Web APIs|Projects|Promises,Basics|Variables & Data Types|Operators|Control Flow|Functions|Arrays|Objects|Strings & Numbers|DOM|Events|Error Handling|ES6+|Modules|Asynchronous JavaScript|Promises & Async/Await|Fetch API|Web APIs|Projects|Promises|Frontend Development,Frontend Development
yt_html_195,JavaScript Full Course for free 🌐,JavaScript,Basics|Variables & Data Types|Operators|Control Flow|Functions|Arrays|Objects|Strings & Numbers|DOM|Events|Error Handling|ES6+|Modules|Asynchronous JavaScript|Promises & Async/Await|Fetch API|Web APIs|Projects|Promises,Basics|Variables & Data Types|Operators|Control Flow|Functions|Arrays|Objects|Strings & Numbers|DOM|Events|Error Handling|ES6+|Modules|Asynchronous JavaScript|Promises & Async/Await|Fetch API|Web APIs|Projects|Promises|Frontend Development,Frontend Development
yt_html_197,JavaScript Tutorial for Beginners [JS Crash Course],JavaScript,Basics|Variables & Data Types|Operators|Control Flow|Functions|Arrays|Objects|Strings & Numbers|DOM|Events|ES6+,Basics|Variables & Data Types|Operators|Control Flow|Functions|Arrays|Objects|Strings & Numbers|DOM|Events|ES6+|Frontend Development,Frontend Development
yt_html_198,JavaScript Tutorial for Beginners | JavaScript Free Course | by Rahul Chaudhary,JavaScript,Basics|Variables & Data Types|Operators|Control Flow|Functions|Arrays|Objects|Strings & Numbers,Basics|Variables & Data Types|Operators|Control Flow|Functions|Arrays|Objects|Strings & Numbers|Frontend Development,Frontend Development
yt_html_199,JavaScript Full Course Tutorial for Beginners in Hindi🔥Free Notes with 10+ Projects | P-1,JavaScript,Basics|Variables & Data Types|Operators|Control Flow|Functions|Arrays|Objects|Strings & Numbers|DOM|Events|Error Handling|ES6+|Modules|Asynchronous JavaScript|Promises & Async/Await|Fetch API|Web APIs|Projects|Promises,Basics|Variables & Data Types|Operators|Control Flow|Functions|Arrays|Objects|Strings & Numbers|DOM|Events|Error Handling|ES6+|Modules|Asynchronous JavaScript|Promises & Async/Await|Fetch API|Web APIs|Projects|Promises|Frontend Development,Frontend Development
yt_html_203,JavaScript Crash Course For Beginners,JavaScript,Basics|Variables & Data Types|Operators|Control Flow|Functions|Arrays|Objects|Strings & Numbers|DOM|Events|Error Handling|ES6+|Modules|Asynchronous JavaScript|Promises & Async/Await|Fetch API|Web APIs|Projects|Promises,Basics|Variables & Data Types|Operators|Control Flow|Functions|Arrays|Objects|Strings & Numbers|DOM|Events|Error Handling|ES6+|Modules|Asynchronous JavaScript|Promises & Async/Await|Fetch API|Web APIs|Projects|Promises|Frontend Development,Frontend Development
yt_html_207,JavaScript for Beginners | Learn JavaScript in one hour!,JavaScript,Basics|Variables & Data Types|Operators|Control Flow|Functions|Arrays|Objects|Strings & Numbers|DOM|Events,Basics|Variables & Data Types|Operators|Control Flow|Functions|Arrays|Objects|Strings & Numbers|DOM|Events|Frontend Development,Frontend Development
yt_html_208,All The JavaScript You Need BEFORE React,JavaScript,Basics|Variables & Data Types|Functions|Arrays|Objects|ES6+,Basics|Variables & Data Types|Functions|Arrays|Objects|ES6+|Frontend Development,Frontend Development
yt_html_212,Modern JavaScript From The Beginning | First 12 Hours,JavaScript,Basics|Variables & Data Types|Operators|Control Flow|Functions|Arrays|Objects|Strings & Numbers|DOM|Events|Error Handling|ES6+|Modules|Asynchronous JavaScript|Promises & Async/Await|Fetch API|Web APIs|Projects|Promises,Basics|Variables & Data Types|Operators|Control Flow|Functions|Arrays|Objects|Strings & Numbers|DOM|Events|Error Handling|ES6+|Modules|Asynchronous JavaScript|Promises & Async/Await|Fetch API|Web APIs|Projects|Promises|Frontend Development,Frontend Development
yt_html_216,How to Learn JavaScript FAST in 2026,JavaScript,Basics,Basics|Frontend Development,Frontend Development
yt_html_222,"Part 3 – Advanced JavaScript, Projects & Real Developer Mindset | Full Course",JavaScript,Projects|ES6+,Projects|ES6+|Frontend Development,Frontend Development
yt_html_223,Advanced JavaScript Crash Course,JavaScript,ES6+|Modules|Asynchronous JavaScript|Promises & Async/Await|Fetch API|Web APIs|Error Handling|Functions|Objects|Arrays|Strings & Numbers|DOM|Events|Promises,ES6+|Modules|Asynchronous JavaScript|Promises & Async/Await|Fetch API|Web APIs|Error Handling|Functions|Objects|Arrays|Strings & Numbers|DOM|Events|Promises|Frontend Development,Frontend Development
yt_html_226,JavaScript Full Course 2026 | Master Javascript in 22 Hours,JavaScript,Basics|Variables & Data Types|Operators|Control Flow|Functions|Arrays|Objects|Strings & Numbers|DOM|Events|Error Handling|ES6+|Modules|Asynchronous JavaScript|Promises & Async/Await|Fetch API|Web APIs|Projects|Promises,Basics|Variables & Data Types|Operators|Control Flow|Functions|Arrays|Objects|Strings & Numbers|DOM|Events|Error Handling|ES6+|Modules|Asynchronous JavaScript|Promises & Async/Await|Fetch API|Web APIs|Projects|Promises|Frontend Development,Frontend Development
yt_html_231,JavaScript Mastery Complete Course | JavaScript Tutorial For Beginner to Advanced,JavaScript,Basics|Variables & Data Types|Operators|Control Flow|Functions|Arrays|Objects|Strings & Numbers|DOM|Events|Error Handling|ES6+|Modules|Asynchronous JavaScript|Promises & Async/Await|Fetch API|Web APIs|Projects|Promises,Basics|Variables & Data Types|Operators|Control Flow|Functions|Arrays|Objects|Strings & Numbers|DOM|Events|Error Handling|ES6+|Modules|Asynchronous JavaScript|Promises & Async/Await|Fetch API|Web APIs|Projects|Promises|Frontend Development,Frontend Development
yt_html_232,📌 Master Advanced JavaScript (ES6+) | Complete Tutorial for Modern Developers,JavaScript,ES6+,ES6+|Frontend Development,Frontend Development
yt_html_233,JavaScript FULL Course for Beginner to PRO in 14 Hours (Projects + Questions),JavaScript,Basics|Variables & Data Types|Operators|Control Flow|Functions|Arrays|Objects|Strings & Numbers|DOM|Events|Error Handling|ES6+|Modules|Asynchronous JavaScript|Promises & Async/Await|Fetch API|Web APIs|Projects|Promises,Basics|Variables & Data Types|Operators|Control Flow|Functions|Arrays|Objects|Strings & Numbers|DOM|Events|Error Handling|ES6+|Modules|Asynchronous JavaScript|Promises & Async/Await|Fetch API|Web APIs|Projects|Promises|Frontend Development,Frontend Development
yt_html_235,5 JavaScript Mistakes Every Beginner Must Avoid 🔥,JavaScript,Basics|Variables & Data Types|Operators|Control Flow|Functions,Basics|Variables & Data Types|Operators|Control Flow|Functions|Frontend Development,Frontend Development
yt_html_239,JavaScript Interview Questions in One Video | JavaScript in Hindi,JavaScript,Basics|Variables & Data Types|Operators|Control Flow|Functions|Arrays|Objects|Strings & Numbers|DOM|Events|Error Handling|ES6+|Modules|Asynchronous JavaScript|Promises & Async/Await|Fetch API|Web APIs|Promises,Basics|Variables & Data Types|Operators|Control Flow|Functions|Arrays|Objects|Strings & Numbers|DOM|Events|Error Handling|ES6+|Modules|Asynchronous JavaScript|Promises & Async/Await|Fetch API|Web APIs|Promises|Frontend Development,Frontend Development
yt_html_240,Advanced JavaScript | Sigma Web Development Course - Tutorial #82,JavaScript,ES6+,ES6+|Frontend Development,Frontend Development
yt_html_241,JavaScript Advanced full Course Tutorial🔥15+ Projects + Free Notes,JavaScript,Basics|Variables & Data Types|Operators|Control Flow|Functions|Arrays|Objects|Strings & Numbers|DOM|Events|Error Handling|ES6+|Modules|Asynchronous JavaScript|Promises & Async/Await|Fetch API|Web APIs|Projects|Promises,Basics|Variables & Data Types|Operators|Control Flow|Functions|Arrays|Objects|Strings & Numbers|DOM|Events|Error Handling|ES6+|Modules|Asynchronous JavaScript|Promises & Async/Await|Fetch API|Web APIs|Projects|Promises|Frontend Development,Frontend Development
yt_html_242,Advanced JavaScript Tutorial | JavaScript Training | JavaScript Programming Tutorial | Edureka,JavaScript,ES6+|Modules|Asynchronous JavaScript|Promises & Async/Await|Fetch API|Web APIs|Promises,ES6+|Modules|Asynchronous JavaScript|Promises & Async/Await|Fetch API|Web APIs|Promises|Frontend Development,Frontend Development
yt_html_243,Learn how to THINK in code – The Hard & Conceptual Parts of JavaScript (Full Course),JavaScript,Basics|Variables & Data Types|Operators|Control Flow|Functions|Arrays|Objects|Strings & Numbers|DOM|Events|Error Handling|ES6+|Modules|Asynchronous JavaScript|Promises & Async/Await|Fetch API|Web APIs|Projects|Promises,Basics|Variables & Data Types|Operators|Control Flow|Functions|Arrays|Objects|Strings & Numbers|DOM|Events|Error Handling|ES6+|Modules|Asynchronous JavaScript|Promises & Async/Await|Fetch API|Web APIs|Projects|Promises|Frontend Development,Frontend Development
yt_html_244,"JavaScript Visualized - Event Loop, Web APIs, (Micro)task Queue",JavaScript,Asynchronous JavaScript|Web APIs,Asynchronous JavaScript|Web APIs|Frontend Development,Frontend Development
yt_html_248,JavaScript FULL Course with Advanced Project in 4 HOURS (Part-2) | 2026 Edition,JavaScript,Basics|Variables & Data Types|Operators|Control Flow|Functions|Arrays|Objects|Strings & Numbers|DOM|Events|Error Handling|ES6+|Modules|Asynchronous JavaScript|Promises & Async/Await|Fetch API|Web APIs|Projects|Promises,Basics|Variables & Data Types|Operators|Control Flow|Functions|Arrays|Objects|Strings & Numbers|DOM|Events|Error Handling|ES6+|Modules|Asynchronous JavaScript|Promises & Async/Await|Fetch API|Web APIs|Projects|Promises|Frontend Development,Frontend Development
yt_html_432,Learn React JS - Full Course for Beginners - Tutorial 2019,React,Basics|Components|JSX|Props|State|Hooks|Events & Forms|Conditional Rendering|Lists & Keys|Context API|Routing|API Integration|State Management|Performance|Authentication|Projects,Basics|Components|JSX|Props|State|Hooks|Events & Forms|Conditional Rendering|Lists & Keys|Context API|Routing|API Integration|State Management|Performance|Authentication|Projects|Frontend Development,Frontend Development
yt_html_433,Learn React JS - Full Beginner’s Tutorial & Practice Projects,React,Basics|Components|JSX|Props|State|Hooks|Events & Forms|Conditional Rendering|Lists & Keys|Context API|Routing|API Integration|State Management|Performance|Authentication|Projects,Basics|Components|JSX|Props|State|Hooks|Events & Forms|Conditional Rendering|Lists & Keys|Context API|Routing|API Integration|State Management|Performance|Authentication|Projects|Frontend Development|useEffect,Frontend Development|useEffect
yt_html_434,React Explained in 8 Minutes,React,Basics,Basics|Frontend Development,Frontend Development
yt_html_435,React 19 Crash Course for Beginners 2026 (Learn in 90 Minutes),React,Basics|Components|JSX|Props|State|Hooks|Events & Forms|Conditional Rendering|Lists & Keys,Basics|Components|JSX|Props|State|Hooks|Events & Forms|Conditional Rendering|Lists & Keys|Frontend Development|useEffect,Frontend Development|useEffect
yt_html_437,React JS Explained In 10 Minutes,React,Basics|JSX|Components,Basics|JSX|Components|Frontend Development,Frontend Development
yt_html_438,ReactJS Tutorial for Beginners | Learn React in 2.5 Hours | Part 1,React,Basics|Components|JSX|Props|State|Hooks,Basics|Components|JSX|Props|State|Hooks|Frontend Development,Frontend Development
yt_html_439,React JS Tutorial For Beginners 2025,React,Basics|Components|JSX|Props|State|Hooks|Events & Forms,Basics|Components|JSX|Props|State|Hooks|Events & Forms|Frontend Development,Frontend Development
yt_html_440,🔥 🔥 Complete React Js with Project tutorial in hindi 🔥 🔥 + Backend Spring boot,React,Basics|Components|JSX|Props|State|Hooks|Events & Forms|Conditional Rendering|Lists & Keys|Routing|API Integration|Projects,Basics|Components|JSX|Props|State|Hooks|Events & Forms|Conditional Rendering|Lists & Keys|Routing|API Integration|Projects|Frontend Development,Frontend Development
yt_html_442,"React Tutorial Full Course - Beginner to Pro (React 19, 2025)",React,Basics|Components|JSX|Props|State|Hooks|Events & Forms|Conditional Rendering|Lists & Keys|Context API|Routing|API Integration|State Management|Performance|Authentication|Projects,Basics|Components|JSX|Props|State|Hooks|Events & Forms|Conditional Rendering|Lists & Keys|Context API|Routing|API Integration|State Management|Performance|Authentication|Projects|Frontend Development,Frontend Development
yt_html_443,React JS 19 Full Course 2025 | Build an App and Master React in 2 Hours,React,Basics|Components|JSX|Props|State|Hooks|Events & Forms|Conditional Rendering|Lists & Keys|Context API|Routing|API Integration|State Management|Projects,Basics|Components|JSX|Props|State|Hooks|Events & Forms|Conditional Rendering|Lists & Keys|Context API|Routing|API Integration|State Management|Projects|Frontend Development|useEffect,Frontend Development|useEffect
yt_html_444,React Hooks in ONE Shot 2025 [ EASIEST Explanation ] | React JS Tutorial,React,Hooks,Hooks|Frontend Development|useEffect,Frontend Development|useEffect
yt_html_445,Learn React With This One Project,React,Basics|Components|JSX|Props|State|Hooks|Events & Forms|Conditional Rendering|Lists & Keys|Context API|Routing|API Integration|Projects,Basics|Components|JSX|Props|State|Hooks|Events & Forms|Conditional Rendering|Lists & Keys|Context API|Routing|API Integration|Projects|Frontend Development|useEffect,Frontend Development|useEffect
yt_html_447,React Course - Beginner's Tutorial for React JavaScript Library [2022],React,Basics|Components|JSX|Props|State|Hooks|Events & Forms|Conditional Rendering|Lists & Keys|Context API|Routing|API Integration|State Management|Performance|Authentication|Projects,Basics|Components|JSX|Props|State|Hooks|Events & Forms|Conditional Rendering|Lists & Keys|Context API|Routing|API Integration|State Management|Performance|Authentication|Projects|Frontend Development|useEffect,Frontend Development|useEffect
yt_html_448,Learn React With This ONE Project,React,Basics|Components|JSX|Props|State|Hooks|Events & Forms|Conditional Rendering|Lists & Keys|Routing|API Integration|State Management|Projects,Basics|Components|JSX|Props|State|Hooks|Events & Forms|Conditional Rendering|Lists & Keys|Routing|API Integration|State Management|Projects|Frontend Development|useEffect,Frontend Development|useEffect
yt_html_449,7 React Lessons I Wish I Knew Earlier,React,Hooks|State|Props|Components,Hooks|State|Props|Components|Frontend Development|useEffect,Frontend Development|useEffect
yt_html_450,React Crash Course,React,Basics|Components|JSX|Props|State|Hooks|Events & Forms|Conditional Rendering|Lists & Keys|Context API|Routing|API Integration|Projects,Basics|Components|JSX|Props|State|Hooks|Events & Forms|Conditional Rendering|Lists & Keys|Context API|Routing|API Integration|Projects|Frontend Development|useEffect,Frontend Development|useEffect
yt_html_451,React Tutorial For Beginners,React,Basics|Components|JSX|Props|State|Hooks|Events & Forms|Conditional Rendering|Lists & Keys,Basics|Components|JSX|Props|State|Hooks|Events & Forms|Conditional Rendering|Lists & Keys|Frontend Development|useEffect,Frontend Development|useEffect
yt_html_452,Complete React course with projects | part 1,React,Basics|Components|JSX|Props|State|Hooks|Events & Forms|Conditional Rendering|Lists & Keys|Context API|Routing|API Integration|State Management|Performance|Authentication|Projects,Basics|Components|JSX|Props|State|Hooks|Events & Forms|Conditional Rendering|Lists & Keys|Context API|Routing|API Integration|State Management|Performance|Authentication|Projects|Frontend Development|useEffect,Frontend Development|useEffect
yt_html_456,React.js Complete Tutorial for Beginners in Hindi | 5 Projects + Free Notes,React,Basics|Components|JSX|Props|State|Hooks|Events & Forms|Conditional Rendering|Lists & Keys|Context API|Routing|API Integration|State Management|Projects,Basics|Components|JSX|Props|State|Hooks|Events & Forms|Conditional Rendering|Lists & Keys|Context API|Routing|API Integration|State Management|Projects|Frontend Development|useEffect,Frontend Development|useEffect
yt_html_457,React Tutorial for Beginners,React,Basics|Components|JSX|Props|State|Hooks|Events & Forms|Conditional Rendering|Lists & Keys|Routing|API Integration,Basics|Components|JSX|Props|State|Hooks|Events & Forms|Conditional Rendering|Lists & Keys|Routing|API Integration|Frontend Development,Frontend Development
yt_html_458,React Tutorial in Hindi 🔥🔥,React,Basics|Components|JSX|Props|State|Hooks|Events & Forms|Conditional Rendering|Lists & Keys|Context API|Routing|API Integration,Basics|Components|JSX|Props|State|Hooks|Events & Forms|Conditional Rendering|Lists & Keys|Context API|Routing|API Integration|Frontend Development,Frontend Development
yt_html_460,React JS Full Course with Project: Beginner to PRO Tutorial in 9 HOURS,React,Basics|Components|JSX|Props|State|Hooks|Events & Forms|Conditional Rendering|Lists & Keys|Context API|Routing|API Integration|State Management|Performance|Authentication|Projects,Basics|Components|JSX|Props|State|Hooks|Events & Forms|Conditional Rendering|Lists & Keys|Context API|Routing|API Integration|State Management|Performance|Authentication|Projects|Frontend Development|useEffect,Frontend Development|useEffect
yt_html_461,React JS Tutorial For Beginners With React JS Project Step By Step Tutorial 2024,React,Basics|Components|JSX|Props|State|Hooks|Events & Forms|Projects,Basics|Components|JSX|Props|State|Hooks|Events & Forms|Projects|Frontend Development|useEffect,Frontend Development|useEffect
yt_html_462,React Tutorial 2026 | Complete React Course for Beginners,React,Basics|Components|JSX|Props|State|Hooks|Events & Forms|Conditional Rendering|Lists & Keys|Context API|Routing|API Integration|Projects,Basics|Components|JSX|Props|State|Hooks|Events & Forms|Conditional Rendering|Lists & Keys|Context API|Routing|API Integration|Projects|Frontend Development|useEffect,Frontend Development|useEffect
yt_html_464,React Full Course for free ⚛️,React,Basics|Components|JSX|Props|State|Hooks|Events & Forms|Conditional Rendering|Lists & Keys|Context API|Routing|API Integration|State Management|Performance|Authentication|Projects,Basics|Components|JSX|Props|State|Hooks|Events & Forms|Conditional Rendering|Lists & Keys|Context API|Routing|API Integration|State Management|Performance|Authentication|Projects|Frontend Development|useEffect,Frontend Development|useEffect
yt_html_465,React tutorial for beginners ⚛️,React,Basics|Components|JSX|Props|State|Hooks,Basics|Components|JSX|Props|State|Hooks|Frontend Development,Frontend Development
yt_html_466,React Tutorial For Beginners: React Crash Course (2026),React,Basics|Components|JSX|Props|State|Hooks|Events & Forms|Conditional Rendering|Lists & Keys|Context API|Routing|API Integration|Projects,Basics|Components|JSX|Props|State|Hooks|Events & Forms|Conditional Rendering|Lists & Keys|Context API|Routing|API Integration|Projects|Frontend Development,Frontend Development
yt_html_467,"React JS Tutorial for Beginners (2025) 🔥📝 | Learn Components, JSX, Props, Vite & Virtual DOM Quick",React,Basics|Components|JSX|Props,Basics|Components|JSX|Props|Frontend Development,Frontend Development
yt_html_468,Do You Know Enough JavaScript To Learn React,React,Basics,Basics|Frontend Development,Frontend Development
yt_html_471,ReactJS Introduction Tutorial in Hindi / Urdu,React,Basics,Basics|Frontend Development,Frontend Development
yt_html_473,React JS Full Course - Learn Everything | Web Development | #reactjs,React,Basics|Components|JSX|Props|State|Hooks|Events & Forms|Conditional Rendering|Lists & Keys|Context API|Routing|API Integration|State Management|Performance|Authentication|Projects,Basics|Components|JSX|Props|State|Hooks|Events & Forms|Conditional Rendering|Lists & Keys|Context API|Routing|API Integration|State Management|Performance|Authentication|Projects|Frontend Development,Frontend Development
yt_html_474,Every React Concept Explained in 12 Minutes,React,Basics|Components|JSX|Props|State|Hooks|Events & Forms|Conditional Rendering|Lists & Keys|Context API|Routing|API Integration|State Management|Performance|Authentication,Basics|Components|JSX|Props|State|Hooks|Events & Forms|Conditional Rendering|Lists & Keys|Context API|Routing|API Integration|State Management|Performance|Authentication|Frontend Development,Frontend Development
yt_html_475,React Native Tutorial for Beginners - Build a React Native App,React,Basics|Components|JSX|Props|State|Hooks|Events & Forms|Conditional Rendering|Lists & Keys|Context API|API Integration|State Management|Projects,Basics|Components|JSX|Props|State|Hooks|Events & Forms|Conditional Rendering|Lists & Keys|Context API|API Integration|State Management|Projects|Frontend Development,Frontend Development
yt_html_476,React JS - React Tutorial for Beginners,React,Basics|Components|JSX|Props|State|Hooks|Events & Forms|Conditional Rendering|Lists & Keys,Basics|Components|JSX|Props|State|Hooks|Events & Forms|Conditional Rendering|Lists & Keys|Frontend Development,Frontend Development
yt_html_478,ReactJS Full Course | ReactJS - Learn Everything | Sheryians Coding School,React,Basics|Components|JSX|Props|State|Hooks|Events & Forms|Conditional Rendering|Lists & Keys|Context API|Routing|API Integration|State Management|Performance|Authentication|Projects,Basics|Components|JSX|Props|State|Hooks|Events & Forms|Conditional Rendering|Lists & Keys|Context API|Routing|API Integration|State Management|Performance|Authentication|Projects|Frontend Development|useEffect,Frontend Development|useEffect
yt_html_479,ReactJS Full Course | What is ReactJS | React JS Tutorial for Beginners | ReactJS Full Course #1,React,Basics|Components|JSX|Props|State|Hooks|Events & Forms|Conditional Rendering|Lists & Keys|Context API|Routing|API Integration|Projects,Basics|Components|JSX|Props|State|Hooks|Events & Forms|Conditional Rendering|Lists & Keys|Context API|Routing|API Integration|Projects|Frontend Development,Frontend Development
yt_html_482,All React Hooks Explained in 2 Hours | Complete React Hooks Tutorial with Example,React,Hooks|State,Hooks|State|Frontend Development|useEffect,Frontend Development|useEffect
yt_html_483,Top 20 React JS Interview Questions For 2025 | React Interviewer Questions & Answers | Intellipaat,React,Basics|Components|JSX|Props|State|Hooks|Events & Forms|Conditional Rendering|Lists & Keys|Context API|Routing|API Integration|State Management|Performance|Authentication,Basics|Components|JSX|Props|State|Hooks|Events & Forms|Conditional Rendering|Lists & Keys|Context API|Routing|API Integration|State Management|Performance|Authentication|Frontend Development|useEffect,Frontend Development|useEffect
yt_html_484,Complete React JS Course | MERN Stack Development,React,Basics|Components|JSX|Props|State|Hooks|Events & Forms|Conditional Rendering|Lists & Keys|Context API|Routing|API Integration|State Management|Performance|Authentication|Projects,Basics|Components|JSX|Props|State|Hooks|Events & Forms|Conditional Rendering|Lists & Keys|Context API|Routing|API Integration|State Management|Performance|Authentication|Projects|Frontend Development,Frontend Development
yt_html_485,React JS 19 Full Course in Hindi | Learn React from Scratch (2025) in One Video,React,Basics|Components|JSX|Props|State|Hooks|Events & Forms|Conditional Rendering|Lists & Keys|Context API|Routing|API Integration|State Management|Performance|Authentication|Projects,Basics|Components|JSX|Props|State|Hooks|Events & Forms|Conditional Rendering|Lists & Keys|Context API|Routing|API Integration|State Management|Performance|Authentication|Projects|Frontend Development|useEffect,Frontend Development|useEffect
yt_html_488,REACT JS is Super Easy | Full Tutorial from Beginner to Advanced [Moye-Moye Edition],React,Basics|Components|JSX|Props|State|Hooks|Events & Forms|Conditional Rendering|Lists & Keys|Context API|Routing|API Integration|State Management|Performance|Authentication|Projects,Basics|Components|JSX|Props|State|Hooks|Events & Forms|Conditional Rendering|Lists & Keys|Context API|Routing|API Integration|State Management|Performance|Authentication|Projects|Frontend Development|useEffect,Frontend Development|useEffect
yt_html_489,🚀🔥 React & Redux Complete Course (2024) with Projects | Notes | Free Certification,React,Basics|Components|JSX|Props|State|Hooks|Events & Forms|Conditional Rendering|Lists & Keys|Context API|Routing|API Integration|State Management|Projects,Basics|Components|JSX|Props|State|Hooks|Events & Forms|Conditional Rendering|Lists & Keys|Context API|Routing|API Integration|State Management|Projects|Frontend Development|useEffect,Frontend Development|useEffect
yt_html_490,React State Management – Intermediate JavaScript Course,React,State|Hooks|State Management,State|Hooks|State Management|Frontend Development|useEffect,Frontend Development|useEffect
yt_html_491,React JS Full Course for Beginners | Complete All-in-One Tutorial | 9 Hours,React,Basics|Components|JSX|Props|State|Hooks|Events & Forms|Conditional Rendering|Lists & Keys|Context API|Routing|API Integration|State Management|Projects,Basics|Components|JSX|Props|State|Hooks|Events & Forms|Conditional Rendering|Lists & Keys|Context API|Routing|API Integration|State Management|Projects|Frontend Development|useEffect,Frontend Development|useEffect
yt_html_492,ReactJS Beginner Course 2025 | Become a React Pro in 1.5 Hours,React,Basics|Components|JSX|Props|State|Hooks|Events & Forms|Conditional Rendering|Lists & Keys|Routing|API Integration|Context API|Projects,Basics|Components|JSX|Props|State|Hooks|Events & Forms|Conditional Rendering|Lists & Keys|Routing|API Integration|Context API|Projects|Frontend Development,Frontend Development
yt_html_497,Stop Copying Tutorials — Build a Real React App With Me,React,Basics|Components|JSX|Props|State|Hooks|Routing|API Integration|Projects,Basics|Components|JSX|Props|State|Hooks|Routing|API Integration|Projects|Frontend Development,Frontend Development
yt_html_498,[ GAMECHANGER 🚀 ] REACT JS BECOMES 100 TIMES EASY IF YOU FOLLOW THIS.,React,Basics|Components|JSX|Props|State|Hooks,Basics|Components|JSX|Props|State|Hooks|Frontend Development,Frontend Development
yt_html_499,🚀 Mastering React/Next.js in 90 Minutes! Advanced Techniques👩‍💻,React,Hooks|Context API|Routing|API Integration|State Management|Performance|Authentication|Projects,Hooks|Context API|Routing|API Integration|State Management|Performance|Authentication|Projects|Frontend Development,Frontend Development
yt_html_501,React JS Full Course | Build an App and Master React in 1 Hour,React,Basics|Components|JSX|Props|State|Hooks|Events & Forms|Conditional Rendering|Lists & Keys|Routing|API Integration|Context API|State Management|Projects,Basics|Components|JSX|Props|State|Hooks|Events & Forms|Conditional Rendering|Lists & Keys|Routing|API Integration|Context API|State Management|Projects|Frontend Development,Frontend Development
yt_html_502,Top 12 React Interview Questions 🔥 for Freshers & Experienced  | Preparation 2025 🚀,React,Basics|Components|JSX|Props|State|Hooks|Events & Forms|Conditional Rendering|Lists & Keys|Context API|Routing|API Integration|State Management|Performance|Authentication,Basics|Components|JSX|Props|State|Hooks|Events & Forms|Conditional Rendering|Lists & Keys|Context API|Routing|API Integration|State Management|Performance|Authentication|Frontend Development,Frontend Development
yt_html_503,"Build a Responsive Multi-Page React 19 Website | Dynamic Routes, Search Filters, Axios API & Deploy",React,Routing|API Integration|State|Hooks|Components|Lists & Keys|Deployment,Routing|API Integration|State|Hooks|Components|Lists & Keys|Deployment|Frontend Development,Frontend Development
yt_html_504,React JS Full Course 2026 | Complete React Tutorial for Beginners to Advanced | 11 Hours,React,Basics|Components|JSX|Props|State|Hooks|Events & Forms|Conditional Rendering|Lists & Keys|Context API|Routing|API Integration|State Management|Performance|Authentication|Projects,Basics|Components|JSX|Props|State|Hooks|Events & Forms|Conditional Rendering|Lists & Keys|Context API|Routing|API Integration|State Management|Performance|Authentication|Projects|Frontend Development|useEffect,Frontend Development|useEffect
yt_html_505,React Performance Optimization Patterns Course,React,Performance,Performance|Frontend Development,Frontend Development
yt_html_508,50+ HOURS REACT.JS 19 MONSTER CLASS,React,Basics|Components|JSX|Props|State|Hooks|Events & Forms|Conditional Rendering|Lists & Keys|Context API|Routing|API Integration|State Management|Performance|Authentication|Projects,Basics|Components|JSX|Props|State|Hooks|Events & Forms|Conditional Rendering|Lists & Keys|Context API|Routing|API Integration|State Management|Performance|Authentication|Projects|Frontend Development,Frontend Development
yt_html_509,ALL React Hooks Explained in 12 Minutes,React,Hooks|State,Hooks|State|Frontend Development|useEffect,Frontend Development|useEffect
yt_html_511,React JS Full Course 2026 | Advanced Concepts for Beginners,React,Basics|Components|JSX|Props|State|Hooks|Events & Forms|Conditional Rendering|Lists & Keys|Context API|Routing|API Integration|State Management|Performance|Authentication|Projects,Basics|Components|JSX|Props|State|Hooks|Events & Forms|Conditional Rendering|Lists & Keys|Context API|Routing|API Integration|State Management|Performance|Authentication|Projects|Frontend Development,Frontend Development
yt_html_512,Top 10 React Interview Questions and Answers 2025🔹 ReactJS Interview Questions for Experienced Devs,React,Basics|Components|JSX|Props|State|Hooks|Context API|Routing|API Integration|State Management|Performance|Authentication,Basics|Components|JSX|Props|State|Hooks|Context API|Routing|API Integration|State Management|Performance|Authentication|Frontend Development,Frontend Development
yt_html_514,All React Hooks Explained - React Hooks Tutorial 2025,React,Hooks,Hooks|Frontend Development|useEffect,Frontend Development|useEffect
yt_html_516,React Hooks Full Course in Hindi (2025) 🔥  | Complete Guide with Notes & Real-World Examples,React,Hooks|State|Context API|Performance,Hooks|State|Context API|Performance|Frontend Development|useEffect,Frontend Development|useEffect
yt_html_517,"10 React Antipatterns to Avoid - Code This, Not That!",React,Components|State|Hooks|Props|Performance,Components|State|Hooks|Props|Performance|Frontend Development,Frontend Development
